subreddit,listing,title,author,upvotes,post_text,upvote_ratio,total_awards_received,score,edited,num_comments,is_self,is_video,over_18,domain,link_flair_text,created_utc,subreddit_subscribers,author_premium,stickied,has_media,permalink,url
UCSD,top,i hate everyone with a scooter,GanacheJazzlike1167,194,they‚Äôre all EVIL. so shitty at steering and constantly getting in the way. they never indicate which direction they‚Äôre going and you have to do a little humiliation dance to avoid getting flattened by a goddamn spin scooter. last year i got hit by one and they didn‚Äôt even apologize. just scootered off into the sunset. it‚Äôs an epidemic and i hate them all ,0.97,0,194,False,34,True,False,False,self.UCSD,General,1762992195.0,103838,False,False,False,https://www.reddit.com/r/UCSD/comments/1ovm0ce/i_hate_everyone_with_a_scooter/,https://www.reddit.com/r/UCSD/comments/1ovm0ce/i_hate_everyone_with_a_scooter/
UCSD,top,i fucking love this trolley,YNGLUVZ-,147,literally just the title but thank you crunchyroll and mts for having the dopest trolly skins for comic con i‚Äôve been on it so many times and i will never get sick of seeing it,0.97,0,147,False,12,False,False,False,i.redd.it,Image,1762981151.0,103838,False,False,True,https://www.reddit.com/r/UCSD/comments/1ovhahq/i_fucking_love_this_trolley/,https://i.redd.it/tl7w3fm34w0g1.jpeg
UCSD,top,Sunset over Geisel,shishiriyer_photo,83,,1.0,0,83,False,1,False,False,False,i.redd.it,Image,1763011541.0,103838,False,False,True,https://www.reddit.com/r/UCSD/comments/1ovsu7l/sunset_over_geisel/,https://i.redd.it/7xvjq6wgmy0g1.jpeg
UCSD,top,I just wanna runnnn,Ijustwannadancedance,17,"Y‚Äôall I literally made this account just so I can ask this question. I have recently been getting these random bursts of energy at night and have been going on mini runs, but I noticed the fields (at least the ones next to me) are all closed bc it is so late. I was wondering if y‚Äôall have any ideas on where to run lol (that are ideally not by driving cars and are otherwise safe)

On another note, I have to film a video for an assignment and don‚Äôt want to bug my roommates ‚Äî do y‚Äôall have any ideas / recs for study / filming spots where no one will hear me embarrass myself taking a million retakes.",0.95,0,17,False,7,True,False,False,self.UCSD,Discussion,1763011452.0,103838,False,False,False,https://www.reddit.com/r/UCSD/comments/1ovst9i/i_just_wanna_runnnn/,https://www.reddit.com/r/UCSD/comments/1ovst9i/i_just_wanna_runnnn/
UCSD,top,No 40b seats?,Sufficient-Air-6677,15,Is it normal for all of the 40b seats to be full this early in enrollment?? I need to take that class winter quarterüò≠,0.95,0,15,False,9,True,False,False,self.UCSD,Question,1763011305.0,103838,False,False,False,https://www.reddit.com/r/UCSD/comments/1ovsrq9/no_40b_seats/,https://www.reddit.com/r/UCSD/comments/1ovsrq9/no_40b_seats/
UCSD,top,What can I do,Apprehensive-Log1982,13,"Currently a 4th year CS major, I have no internships, no work experience in tech field and I‚Äôm close to graduation. My GPA is not so great around a 3.29. What can I really do in this short time span to hopefully gain some experience to put on my resume. I really want to get into the cyber security field. I am so lost right now at what to do",0.94,0,13,False,9,True,False,False,self.UCSD,Question,1763025414.0,103838,False,False,False,https://www.reddit.com/r/UCSD/comments/1ovwk5t/what_can_i_do/,https://www.reddit.com/r/UCSD/comments/1ovwk5t/what_can_i_do/
UCSD,top,I need help,Different_Manner_591,12,im in math 10b now and im literally bawling my eyes out I passed the first 2 homework quizes and then I got an 83 on the midterm but I failed the last 2 quizzes there isn't enough time and its too much info,0.87,0,12,False,4,True,False,False,self.UCSD,Question,1763001987.0,103838,False,False,False,https://www.reddit.com/r/UCSD/comments/1ovpnvh/i_need_help/,https://www.reddit.com/r/UCSD/comments/1ovpnvh/i_need_help/
UCSD,top,Latest enrolment time but junior standing and now there‚Äôs no classes left,PureMedia1790,8,"I literally have 110 units as a transfer + 20 units this quarter so I‚Äôm at 130 units and a junior + OSD student, why on earth is my enrolment time not till tonight??? every class I need and planned is full. I literally do not have a single class that I need that I can sign up for, and it still isn‚Äôt even my time to register!! absolutely losing my mind its ridiculous ",0.91,0,8,False,15,True,False,False,self.UCSD,Rant/Complaint,1763051021.0,103838,False,False,False,https://www.reddit.com/r/UCSD/comments/1ow5gy2/latest_enrolment_time_but_junior_standing_and_now/,https://www.reddit.com/r/UCSD/comments/1ow5gy2/latest_enrolment_time_but_junior_standing_and_now/
UCSD,top,math is 10b,Jumpy-Ad-010,9,how‚Äôs srinivas for math 10b?,0.8,0,9,False,10,True,False,False,self.UCSD,Question,1762977648.0,103838,False,False,False,https://www.reddit.com/r/UCSD/comments/1ovfqno/math_is_10b/,https://www.reddit.com/r/UCSD/comments/1ovfqno/math_is_10b/
UCSD,top,Lost ID in 6th market area,RahhhBlahBlahBlah,7,I lost my ID either in 6th market or 6th dining or somewhere in between. The name on it is Peter. DM me if u find it :),1.0,0,7,False,1,True,False,False,self.UCSD,Question,1763015978.0,103838,False,False,False,https://www.reddit.com/r/UCSD/comments/1ovu43e/lost_id_in_6th_market_area/,https://www.reddit.com/r/UCSD/comments/1ovu43e/lost_id_in_6th_market_area/
UCSD,top,Remote Classes Winter Quarter?,Mysterious_Offer_470,8,"Hi everyone im going to ucdc for the winter quarter but need 2 more classes to be full time student, what classes are being offered remote for the winter quarter term? lmk thanks:3",1.0,0,8,False,5,True,False,False,self.UCSD,Question,1762982334.0,103838,False,False,False,https://www.reddit.com/r/UCSD/comments/1ovhtwh/remote_classes_winter_quarter/,https://www.reddit.com/r/UCSD/comments/1ovhtwh/remote_classes_winter_quarter/
UCSD,top,Did the WiFi shit the bed again,MyntChocolateChyps,7,"Or am I just tripping
",0.82,0,7,False,3,True,False,False,self.UCSD,General,1763014764.0,103838,False,False,False,https://www.reddit.com/r/UCSD/comments/1ovts1r/did_the_wifi_shit_the_bed_again/,https://www.reddit.com/r/UCSD/comments/1ovts1r/did_the_wifi_shit_the_bed_again/
UCSD,top,Can someone who took ECON 3 with Professor Rondina explain his unique grading structure?,TriplEAstronautics,6,I have to take ECON 3 for Winter and he will be the only professor teaching the course so I looked up ratemyprofessor reviews on him and most comments are about his unique grading style. Can someone who took ECON 3 with him explain this grading style or maybe send a photo of the grading policy from his syllabus please?,1.0,0,6,False,8,True,False,False,self.UCSD,Question,1762983271.0,103838,False,False,False,https://www.reddit.com/r/UCSD/comments/1ovi8v7/can_someone_who_took_econ_3_with_professor/,https://www.reddit.com/r/UCSD/comments/1ovi8v7/can_someone_who_took_econ_3_with_professor/
UCSD,top,lost id need it for midterm todayüò≠,Personal_Poem7768,5,"i lost my id somewhere in marshal, i had it right before i walked into alianza but i haven‚Äôt seen it since. i have a chem midterm at 8pm today and I NEED MY ID in order for my exam to be graded. plz plz plz lmk if you found it or what should i do.",1.0,0,5,False,7,True,False,False,self.UCSD,General,1763026354.0,103838,False,False,False,https://www.reddit.com/r/UCSD/comments/1ovwsje/lost_id_need_it_for_midterm_today/,https://www.reddit.com/r/UCSD/comments/1ovwsje/lost_id_need_it_for_midterm_today/
UCSD,top,UCSD Health Study: Adult Volunteers Wanted for a Study of Driving Ability,HNRP-CMCR_Studies,5,"If interested in participating, please call 619-543-5000 or email [hnrpstudies@health.ucsd.edu](mailto:hnrpstudies@health.ucsd.edu) (please do not email personal health information). ",0.86,0,5,False,0,False,False,False,i.redd.it,General,1762976885.0,103838,False,False,True,https://www.reddit.com/r/UCSD/comments/1ovfdxj/ucsd_health_study_adult_volunteers_wanted_for_a/,https://i.redd.it/ccpqw9bqpv0g1.png
UCSD,top,baozhi chu,No_Eagle2465,5,i want to take math 142a next quarter and the choices are baozhi chu or john eggers. there doesn‚Äôt seem to be a rate my professor page up for chu. has anyone had him before? thoughts and opinions?,1.0,0,5,False,1,True,False,False,self.UCSD,Question,1763017465.0,103838,False,False,False,https://www.reddit.com/r/UCSD/comments/1ovuirv/baozhi_chu/,https://www.reddit.com/r/UCSD/comments/1ovuirv/baozhi_chu/
UCSD,top,Wi-Fi dead,ucsdthrowawa135827,4,Wi-Fi down again??? Both UCSD-Protected and UCSD-Guest üò≠üò≠,0.75,0,4,False,2,True,False,False,self.UCSD,General,1763015688.0,103838,False,False,False,https://www.reddit.com/r/UCSD/comments/1ovu1ac/wifi_dead/,https://www.reddit.com/r/UCSD/comments/1ovu1ac/wifi_dead/
UCSD,top,Math Bio Majors üôè,MrBoii615,2,"Are there any mathematical biology majors anywhere please üò≠üò≠?  When I enrolled as a math bio major they said there‚Äôs only like 9 ppl in the major, who knows how many now. Lmk if you fw math bio before I change my major üôèüôè",0.67,0,2,False,1,True,False,False,self.UCSD,Question,1763002046.0,103838,False,False,False,https://www.reddit.com/r/UCSD/comments/1ovpomv/math_bio_majors/,https://www.reddit.com/r/UCSD/comments/1ovpomv/math_bio_majors/
UCSD,top,Romero for Chem40B??,Psychological_Desk65,4,"Super mixed reviews. People 4-5 years ago say he's terrible, and I'm seeing the word 'asshole' being thrown around a lot, but within this week, people have been saying he's great and the ""better choice"". Pun's class is already full and Romero is the only choice, will i be ok?? Someone tell me about Romero plzplzplzzz",1.0,0,4,False,4,True,False,False,self.UCSD,Question,1762995800.0,103838,False,False,False,https://www.reddit.com/r/UCSD/comments/1ovnec3/romero_for_chem40b/,https://www.reddit.com/r/UCSD/comments/1ovnec3/romero_for_chem40b/
UCSD,top,What‚Äôs goin on at revelle plaza,Intrepid-Factor5321,4,Cops got a mobile surveillance thing out there. Is it an upcoming protest or did somethin happen? Just being nosy lol ,0.84,0,4,False,2,True,False,False,self.UCSD,Question,1762982304.0,103838,False,False,False,https://www.reddit.com/r/UCSD/comments/1ovhtey/whats_goin_on_at_revelle_plaza/,https://www.reddit.com/r/UCSD/comments/1ovhtey/whats_goin_on_at_revelle_plaza/
UCSD,top,cse8a,minimoto15,4,"guys I love the prof for this class but this ain‚Äôt no beginner course, the grading is super strict but to be fair it is a cse course so what was I thinking, I should‚Äôve taken cogs 18. I failed the midterm and now I got about 3 weeks left to bring up my grade. Good thing I changed the course to p/no pass. Any tips on how I could somehow save my grade and my time so I don‚Äôt have to retake this class if I do potentially not pass the course",0.83,0,4,False,9,True,False,False,self.UCSD,Discussion,1763022901.0,103838,False,False,False,https://www.reddit.com/r/UCSD/comments/1ovvxfz/cse8a/,https://www.reddit.com/r/UCSD/comments/1ovvxfz/cse8a/
UCSD,top,Easiest Econ 100-199 class,Hot_Assistance271,3,"Idc about what it is about I just want an A ,thank you!",0.8,0,3,False,1,True,False,False,self.UCSD,Question,1763010190.0,103838,False,False,False,https://www.reddit.com/r/UCSD/comments/1ovsfhk/easiest_econ_100199_class/,https://www.reddit.com/r/UCSD/comments/1ovsfhk/easiest_econ_100199_class/
UCSD,top,"Ivonne Gonzalez Gamboa
BILD 4",Hengu_07,3,"for her, are the lectures recoreded? are they mandatory?",1.0,0,3,False,0,True,False,False,self.UCSD,Question,1762995243.0,103838,False,False,False,https://www.reddit.com/r/UCSD/comments/1ovn6oh/ivonne_gonzalez_gamboa_bild_4/,https://www.reddit.com/r/UCSD/comments/1ovn6oh/ivonne_gonzalez_gamboa_bild_4/
UCSD,top,Is attendance mandatory for Chem 40B with Romero?,Basic_Pineapple159,2,I have my enrollment tmrw and all the class seats for Pun are filling up. I chose Pun because I need two days free to work at my lab but the classes for Pun are all almost filled up. The MWF class schedule for Romero doesn't work for me but if the class isn't mandatory I'm wondering if I can just watch the lectures. Does anyone know if attendance is mandatory?,0.67,0,2,False,3,True,False,False,self.UCSD,General,1762995023.0,103838,False,False,False,https://www.reddit.com/r/UCSD/comments/1ovn3qo/is_attendance_mandatory_for_chem_40b_with_romero/,https://www.reddit.com/r/UCSD/comments/1ovn3qo/is_attendance_mandatory_for_chem_40b_with_romero/
UCSD,top,Econ 120A w/ Sara Esfahani?,Chemical_Register_79,3,"Has anyone taken Econ 120A w/ Sara Esfahani? There's no info on her, and my schedule doesn't allow me to enroll w/ Yinlin. How's her classes and would you recommend Esfahani?",1.0,0,3,False,1,True,False,False,self.UCSD,Question,1762990274.0,103838,False,False,False,https://www.reddit.com/r/UCSD/comments/1ovl8qu/econ_120a_w_sara_esfahani/,https://www.reddit.com/r/UCSD/comments/1ovl8qu/econ_120a_w_sara_esfahani/
UCSD,top,Psyc research courses,yebrofashooo,3,Any undergrad psyc BS students take their research course requirements yet? I‚Äôve been putting them off but need to soon. What is it like? Is it easier or harder than a normal upper div course? What should I expect ? ,1.0,0,3,False,1,True,False,False,self.UCSD,Question,1762980423.0,103838,False,False,False,https://www.reddit.com/r/UCSD/comments/1ovgz0s/psyc_research_courses/,https://www.reddit.com/r/UCSD/comments/1ovgz0s/psyc_research_courses/
UCSD,top,Any Pagans on Campus?,SeaHedgeh0g,2,I'm pagan and wondering how many more of us are on campus/ looking for friends. Maybe we can all meet up or smth. Lmk!,0.75,0,2,False,0,True,False,False,self.UCSD,Question,1763056443.0,103838,False,False,False,https://www.reddit.com/r/UCSD/comments/1ow7w1o/any_pagans_on_campus/,https://www.reddit.com/r/UCSD/comments/1ow7w1o/any_pagans_on_campus/
UCSD,top,Anth 21/10,Interesting-Reach140,2,Which one is easier and any recommendations???,1.0,0,2,False,2,True,False,False,self.UCSD,Question,1763017264.0,103838,False,False,False,https://www.reddit.com/r/UCSD/comments/1ovugsy/anth_2110/,https://www.reddit.com/r/UCSD/comments/1ovugsy/anth_2110/
UCSD,top,BILD 5 Study Partner?,Abject_Oven9180,2,"Alright so I‚Äôve heard the final (for Mueller) tanks grades. Now I‚Äôm scared of losing my 100, I really want my A+. Just msg me if u wanna study together, since that‚Äôs what prof recommends. I‚Äôm already working on making study sets similar to the theory checks on different concepts (like Nested + blocked experimental designs instead of Paired). ",1.0,0,2,False,0,True,False,False,self.UCSD,General,1762996781.0,103838,False,False,False,https://www.reddit.com/r/UCSD/comments/1ovnrs0/bild_5_study_partner/,https://www.reddit.com/r/UCSD/comments/1ovnrs0/bild_5_study_partner/
UCSD,top,Dermatologist near UCSD- acne ?,MissionLive1145,2,Struggling with acne and need a dermatologist near UCSD - any good recommendations? ,1.0,0,2,False,2,True,False,False,self.UCSD,Question,1762994999.0,103838,False,False,False,https://www.reddit.com/r/UCSD/comments/1ovn3f7/dermatologist_near_ucsd_acne/,https://www.reddit.com/r/UCSD/comments/1ovn3f7/dermatologist_near_ucsd_acne/
UCSD,top,Anyone In the Urban planing program?,Stinka1134,2,Just wanted to know how the program is and how its faculty are. I‚Äôm a 3rd year at CC and I plan on transferring and UCSD is a choice as of now other than UCI which I did TAG for. My only concern is the math area. it says Stats is the only math req is that true?,1.0,0,2,False,4,True,False,False,self.UCSD,Question,1762987577.0,103838,False,False,False,https://www.reddit.com/r/UCSD/comments/1ovk4tt/anyone_in_the_urban_planing_program/,https://www.reddit.com/r/UCSD/comments/1ovk4tt/anyone_in_the_urban_planing_program/
UCSD,top,Can‚Äôt find rate my prof: mgt 160,Otherwise_Gas_6483,2,"Hi(; 
I have enrolled for prof. fragiadakis daniel Emmanuel but I can‚Äôt find any single reviews on him. Has anyone taken him and if so how did it go?
thankss",1.0,0,2,False,1,True,False,False,self.UCSD,Question,1762983709.0,103838,False,False,False,https://www.reddit.com/r/UCSD/comments/1ovifyj/cant_find_rate_my_prof_mgt_160/,https://www.reddit.com/r/UCSD/comments/1ovifyj/cant_find_rate_my_prof_mgt_160/
UCSD,top,CHEM 40B Romero vs. Pun,mcogre_13,2,What's the best professor to take between the two? Anything to note of for their teaching styles or the format for the grading/class in general? This is for Winter 2026.,0.75,0,2,False,0,True,False,False,self.UCSD,Question,1762981911.0,103838,False,False,False,https://www.reddit.com/r/UCSD/comments/1ovhn3w/chem_40b_romero_vs_pun/,https://www.reddit.com/r/UCSD/comments/1ovhn3w/chem_40b_romero_vs_pun/
UCSD,top,Bio,Own_Cattle_5388,2,Lowks this is embarrassing but does anyone know how to study for bio like I bought Pearson plus thinking it would help but I just ended up doing worse. Like ill study for hours and then get such an ass score and it feels like I‚Äôm the only one not understanding bioüò¨,1.0,0,2,False,3,True,False,False,self.UCSD,Question,1762981648.0,103838,False,False,False,https://www.reddit.com/r/UCSD/comments/1ovhiqa/bio/,https://www.reddit.com/r/UCSD/comments/1ovhiqa/bio/
UCSD,top,Which ECE class should I take after ECE 35,No-Routine8875,2,I‚Äôm choosing between ECE 45 with Heath and ECE 65 with Baghdadchi. ,1.0,0,2,False,1,True,False,False,self.UCSD,Question,1762978888.0,103838,False,False,False,https://www.reddit.com/r/UCSD/comments/1ovgasj/which_ece_class_should_i_take_after_ece_35/,https://www.reddit.com/r/UCSD/comments/1ovgasj/which_ece_class_should_i_take_after_ece_35/
UCSD,top,What should I go for first pass?,CockroachPowerful387,1,"https://preview.redd.it/xrqbjdn0c21g1.png?width=1688&amp;format=png&amp;auto=webp&amp;s=d750a446d61db817973d9a35955f7815b3c1e63d

keep in mind hum is 6 credits (AHHHH). My first pass is today though!",1.0,0,1,False,6,True,False,False,self.UCSD,Question,1763056505.0,103838,False,False,False,https://www.reddit.com/r/UCSD/comments/1ow7x1i/what_should_i_go_for_first_pass/,https://www.reddit.com/r/UCSD/comments/1ow7x1i/what_should_i_go_for_first_pass/
UCSD,top,S Parking Unavailable Today on Parkmobile,almightyloaf53,1,"Is there anyone who tried parking in an S spot via Parkmobile Code 47400? The parking says that it begins at 7:00 AM. However, when I put the code in Parkmobile, it says it‚Äôs unavailable. ",0.67,0,1,False,3,False,False,False,reddit.com,Question,1763052552.0,103838,False,False,False,https://www.reddit.com/r/UCSD/comments/1ow653b/s_parking_unavailable_today_on_parkmobile/,https://www.reddit.com/gallery/1ow653b
UCSD,top,cse 152a questions,Equivalent-Arrival14,1,"Hello,

I took Math 18 last year and, frankly, don't remember much about it. I see that CSE 152A is a class with a good professor and something I am intersted in. How much of Math 18 do I need to know for this class? This is with Chanradeskhar Mohan Krishnan",1.0,0,1,False,0,True,False,False,self.UCSD,Question,1763023894.0,103838,False,False,False,https://www.reddit.com/r/UCSD/comments/1ovw67n/cse_152a_questions/,https://www.reddit.com/r/UCSD/comments/1ovw67n/cse_152a_questions/
UCSD,top,fp CHEM 41 B or CHEM7L,ncttzennn,1,"Hi! I am a freshman. I'm struggling with which class to choose first. 7L without fp will definitely not be available, but I'm afraid that if I can't choose 41B this semester, it will affect the progress of my chemistry class later.",0.67,0,1,False,0,True,False,False,self.UCSD,Question,1763017539.0,103838,False,False,False,https://www.reddit.com/r/UCSD/comments/1ovujgd/fp_chem_41_b_or_chem7l/,https://www.reddit.com/r/UCSD/comments/1ovujgd/fp_chem_41_b_or_chem7l/
UCSD,top,Vis 21b or 22,Interesting-Reach140,1,Has anyone taken these classes? Any recommendations?,1.0,0,1,False,0,True,False,False,self.UCSD,Question,1763017377.0,103838,False,False,False,https://www.reddit.com/r/UCSD/comments/1ovuhyo/vis_21b_or_22/,https://www.reddit.com/r/UCSD/comments/1ovuhyo/vis_21b_or_22/
UCSD,top,What is your opinion on Mad Films?,Unkown29383939,1,"Anyone here took ANSC 156? 

I could not find anything about this class, so any info is very appreciated!",1.0,0,1,False,0,True,False,False,self.UCSD,Question,1763014765.0,103838,False,False,False,https://www.reddit.com/r/UCSD/comments/1ovts22/what_is_your_opinion_on_mad_films/,https://www.reddit.com/r/UCSD/comments/1ovts22/what_is_your_opinion_on_mad_films/
UCSD,top,"Econ 100b, 110b, 120b",edibelless,1,"Hi! I‚Äôm planning my schedule and I‚Äôm definitely taking **ECON 100B** this winter quarter.  
I‚Äôm trying to decide what to pair it with: ECON 110B or ECON 120B

For context, I just finished 100A + 120A this quarter. I‚Äôve heard mixed things ‚Äî some people say 110B is pretty tough, others say 120B is more work depending on the professor.

If you‚Äôve taken these combos, which one felt more manageable?  
Is 100B + 110B too heavy? Or is 100B + 120B a better balance?

https://preview.redd.it/ih2vba40jy0g1.png?width=1938&amp;format=png&amp;auto=webp&amp;s=0a2f4fefcf1dd57865c085c8b1227ed7640cbe61

I‚Äôm also **wl for CAT 125R**, which might replace **ECON 5** if I get in.

Any advice based on workload, difficulty, or professor experience would be super helpful. Thanks!",0.67,0,1,False,0,True,False,False,self.UCSD,Question,1763010462.0,103838,False,False,False,https://www.reddit.com/r/UCSD/comments/1ovsil8/econ_100b_110b_120b/,https://www.reddit.com/r/UCSD/comments/1ovsil8/econ_100b_110b_120b/
UCSD,top,Tennis and pickleball by pepper canyon east,ememoly,1,Are these courts first come first serve? I saw on the rec website bookings needed only for Muir and Warren but nothing about Pepper Canyon? ,0.67,0,1,False,1,True,False,False,self.UCSD,Question,1763010237.0,103838,False,False,False,https://www.reddit.com/r/UCSD/comments/1ovsg0i/tennis_and_pickleball_by_pepper_canyon_east/,https://www.reddit.com/r/UCSD/comments/1ovsg0i/tennis_and_pickleball_by_pepper_canyon_east/
UCSD,top,incomplete??,Numerous_Storage_618,1,Can a professor give me an incomplete just because? I‚Äôve done all the assignments and attendance is not mandatory so I have 100%. ,0.67,0,1,False,9,True,False,False,self.UCSD,Question,1763007618.0,103838,False,False,False,https://www.reddit.com/r/UCSD/comments/1ovrlyt/incomplete/,https://www.reddit.com/r/UCSD/comments/1ovrlyt/incomplete/
UCSD,top,Which should I first pass?,Abject_Oven9180,1,"Looking to enroll in Hum 2, Chem6B, BILD4, ANTH 10",1.0,0,1,False,8,True,False,False,self.UCSD,Question,1763002916.0,103838,False,False,False,https://www.reddit.com/r/UCSD/comments/1ovq024/which_should_i_first_pass/,https://www.reddit.com/r/UCSD/comments/1ovq024/which_should_i_first_pass/
UCSD,top,Help SDSU students collect data on self esteem,Intrepid-Sell7504,1,"**This is completely anonymous and should only take about 5-10 minutes. Help us get to 100 responses!**

[https://sdsu.co1.qualtrics.com/jfe/form/SV\_788M7mHcAyaTNFI](https://sdsu.co1.qualtrics.com/jfe/form/SV_788M7mHcAyaTNFI)",0.67,0,1,False,0,False,False,False,i.redd.it,Question,1763000940.0,103838,False,False,True,https://www.reddit.com/r/UCSD/comments/1ovpa6c/help_sdsu_students_collect_data_on_self_esteem/,https://i.redd.it/e7wtp7dpqx0g1.png
UCSD,top,PSYC 154 with Lacefield (WI26),Available-Ice3100,1,"hi! has anyone here taken psyc 154 with lacefield recently who has her syllabus?

i was also wondering what the class is like/if it's interesting, and if she has a final exam (there's a time listed on webreg but i've heard she only does quizzes?)

thank you!

EDIT: was also wondering if anyone knew anything about psyc 181 with hurwitz? which would you recommend between 154 and 181? mostly looking for a chill but interesting class",1.0,0,1,1763001705.0,2,True,False,False,self.UCSD,Question,1763000915.0,103838,False,False,False,https://www.reddit.com/r/UCSD/comments/1ovp9u6/psyc_154_with_lacefield_wi26/,https://www.reddit.com/r/UCSD/comments/1ovp9u6/psyc_154_with_lacefield_wi26/
UCSD,top,Anyone take neuroanatomy with Cory root?,jazzybluessss,1,"Anyone have a syllabus or recommend? 
",1.0,0,1,False,2,True,False,False,self.UCSD,Question,1763000632.0,103838,False,False,False,https://www.reddit.com/r/UCSD/comments/1ovp68b/anyone_take_neuroanatomy_with_cory_root/,https://www.reddit.com/r/UCSD/comments/1ovp68b/anyone_take_neuroanatomy_with_cory_root/
UCSD,top,Help w degree audit,Aggressive_Sir800,1,"I've been a bit confused on how to read my degree audit

  
For example. for the **Natural Science** section, do i need one more course ON TOP OF BILD 3 and COGS 17 which are ""work in progress"" and ""transfer A""? ",1.0,0,1,False,4,False,False,False,i.redd.it,Question,1762999446.0,103838,False,False,True,https://www.reddit.com/r/UCSD/comments/1ovoq92/help_w_degree_audit/,https://i.redd.it/d8kkdlxxlx0g1.png
UCSD,top,Remote classes,MOONsOlarIa,1,How many remote classes can we take per quarter? And do remote discussion sections count towards this? ,1.0,0,1,False,1,True,False,False,self.UCSD,Question,1762999040.0,103838,False,False,False,https://www.reddit.com/r/UCSD/comments/1ovoku2/remote_classes/,https://www.reddit.com/r/UCSD/comments/1ovoku2/remote_classes/
UCSD,top,TDGE 11 Grading Scale,Worried_Bad6358,1,Does anyone know what the grade cutoffs (A-/A/A+) will be for TDGE 11 or what has it been historically? Taking it with Fulton,1.0,0,1,False,0,True,False,False,self.UCSD,Question,1762997416.0,103838,False,False,False,https://www.reddit.com/r/UCSD/comments/1ovnzyf/tdge_11_grading_scale/,https://www.reddit.com/r/UCSD/comments/1ovnzyf/tdge_11_grading_scale/
UCSD,top,BICD 100 as freshman,Ayexo,1,"hello im a first year should I take genetics bicd 100 since I already have my bild 1, 2, 3 all done. I dont want to wait untill sophomore or junior year to take bio classes üò≠",0.67,0,1,False,8,True,False,False,self.UCSD,Question,1762997171.0,103838,False,False,False,https://www.reddit.com/r/UCSD/comments/1ovnwtm/bicd_100_as_freshman/,https://www.reddit.com/r/UCSD/comments/1ovnwtm/bicd_100_as_freshman/
UCSD,top,UCSD Extension Microbiology.,Acceptable_Growth746,1,"Has anyone taken Microbiology + Lab with Cecilia Cheng. I wanted to take the course online with Maria Ochoa, however it filled up. My next best option is with Cheng, however there is no info about her online.",1.0,0,1,False,0,True,False,False,self.UCSD,Question,1762996586.0,103838,False,False,False,https://www.reddit.com/r/UCSD/comments/1ovnp57/ucsd_extension_microbiology/,https://www.reddit.com/r/UCSD/comments/1ovnp57/ucsd_extension_microbiology/
UCSD,top,"Physics 1B, Smith Douglas E quiz date?",lipqlossd0,1,"if anyone has taken this professor for Physics 1B and knows the quiz date (mon, wed or fri??), that would be awesome. Thank you! 

",1.0,0,1,False,1,True,False,False,self.UCSD,Question,1762996512.0,103838,False,False,False,https://www.reddit.com/r/UCSD/comments/1ovno3i/physics_1b_smith_douglas_e_quiz_date/,https://www.reddit.com/r/UCSD/comments/1ovno3i/physics_1b_smith_douglas_e_quiz_date/
UCSD,top,"Experience with Calculus professor Ho, Sheng-Yang ?",Correct-Piece-1477,1,"Does anyone have experience with Professor  Sheng-Yang Ho. Plz lmk if so, THANK YOU!",1.0,0,1,False,0,True,False,False,self.UCSD,Question,1762994865.0,103838,False,False,False,https://www.reddit.com/r/UCSD/comments/1ovn1lb/experience_with_calculus_professor_ho_shengyang/,https://www.reddit.com/r/UCSD/comments/1ovn1lb/experience_with_calculus_professor_ho_shengyang/
UCSD,top,TDGE 25 Final,Downtown_Egg_,1,"To anyone who's taken TDGE 25 in the past w/Carla Harting, can you lmk how the final is?

Is it a paper exam or is it a project exam (like a speech/presentation)? Also, do we actually meet during the final test time listed on Webreg or is it just taken during week 10 in class? Thank you!!",1.0,0,1,False,1,True,False,False,self.UCSD,Question,1762994227.0,103838,False,False,False,https://www.reddit.com/r/UCSD/comments/1ovmsze/tdge_25_final/,https://www.reddit.com/r/UCSD/comments/1ovmsze/tdge_25_final/
UCSD,top,Lei Huang for math 10b,blisteringhothotdog,1,how is prof Huang for 10b,1.0,0,1,False,6,True,False,False,self.UCSD,Question,1762988138.0,103838,False,False,False,https://www.reddit.com/r/UCSD/comments/1ovkd2o/lei_huang_for_math_10b/,https://www.reddit.com/r/UCSD/comments/1ovkd2o/lei_huang_for_math_10b/
UCSD,top,Stylistics and Grammar,NotUrDoorMatt,1,Just curious if anyone has taken LTWR 143 with Hoang or have taken the class in general and would like to offer some input. Lowkey seems interesting. What‚Äôs yalls input ,1.0,0,1,False,0,True,False,False,self.UCSD,Question,1762983251.0,103838,False,False,False,https://www.reddit.com/r/UCSD/comments/1ovi8iy/stylistics_and_grammar/,https://www.reddit.com/r/UCSD/comments/1ovi8iy/stylistics_and_grammar/
UCSD,top,Urgent care,RemarkableForever150,1,How do you guys get urgent care here? I tried the mystudentchart and it said it was unavailable at this time (La Jolla location) Is it always like that?,1.0,0,1,False,3,True,False,False,self.UCSD,Question,1762982468.0,103838,False,False,False,https://www.reddit.com/r/UCSD/comments/1ovhw0t/urgent_care/,https://www.reddit.com/r/UCSD/comments/1ovhw0t/urgent_care/
UCSD,top,Psych 154 with lacefield Katherine,yasvalenciaga,1,Has anyone taken her? And if so how was it? Might enroll for winter but not sure if she‚Äôs good,1.0,0,1,False,2,True,False,False,self.UCSD,Question,1762982439.0,103838,False,False,False,https://www.reddit.com/r/UCSD/comments/1ovhvk4/psych_154_with_lacefield_katherine/,https://www.reddit.com/r/UCSD/comments/1ovhvk4/psych_154_with_lacefield_katherine/
UCSD,top,Housing Waitlist,Crazy_Toe9012,1,"Hi, I'm a 2nd-year student and I didn't attend Fall '25, but I want to return for Winter '26. I'm worried about the housing situation. I want to live on campus, and I've already applied to the housing waitlist for Winter '26. However, I applied a week ago and still cannot see my waitlist position. I'm just worried that I may not be able to get on-campus housing. 

Also, I don't have any holds. ",1.0,0,1,False,3,True,False,False,self.UCSD,General,1762982123.0,103838,False,False,False,https://www.reddit.com/r/UCSD/comments/1ovhqi1/housing_waitlist/,https://www.reddit.com/r/UCSD/comments/1ovhqi1/housing_waitlist/
UCSD,top,Petitioning to stay in grad housing beyond the two years?,elitron,0,"Was wondering if anyone knows someone who has petitioned to stay in grad housing beyond the usual two years. I know they sometimes make medical exceptions, but was curious if anyone has successfully petitioned for other reasons such as it being critical to their work. Would love any stories or anecdotes, thanks in advance!",0.33,0,0,False,1,True,False,False,self.UCSD,Question,1763007122.0,103838,False,False,False,https://www.reddit.com/r/UCSD/comments/1ovrg3n/petitioning_to_stay_in_grad_housing_beyond_the/,https://www.reddit.com/r/UCSD/comments/1ovrg3n/petitioning_to_stay_in_grad_housing_beyond_the/
UCSD,top,Easiest GE for Seventh college,ManufacturerDue6786,0,"Hello,  
I am looking for an easy GE under the following tracks:

Arts  
Humanities  
Natural Sciences

I have already completed my DEI requirement by doing MUS 17.  
Please let me know if you have any suggestions, thanks!",0.33,0,0,False,2,True,False,False,self.UCSD,Question,1763001764.0,103838,False,False,False,https://www.reddit.com/r/UCSD/comments/1ovpkwg/easiest_ge_for_seventh_college/,https://www.reddit.com/r/UCSD/comments/1ovpkwg/easiest_ge_for_seventh_college/
UCSD,top,Is this even doable,HyperClaws,0,"I‚Äôm a cs transfer student and I want to do the bs/ms program. I found out that I have to take a total of 7 upper div CSE courses by the end of this year. My current schedule plan:
CSE 100 (sahoo), CSE 101 (jones), CSE 140 (rosing), and math 183 (vishwanath). 
I was planning on doing eds 124br instead of stats but I want to be able to do ai/ml classes. I know it‚Äôs a heavy schedule, but hopefully it allows for things to calm down a bit after that. Does this seem doable? Any advice is really appreciated ",0.33,0,0,False,9,True,False,False,self.UCSD,Question,1762979659.0,103838,False,False,False,https://www.reddit.com/r/UCSD/comments/1ovgmvq/is_this_even_doable/,https://www.reddit.com/r/UCSD/comments/1ovgmvq/is_this_even_doable/
UCSD,top,Math ain't mating,Master-Opinion-7629,0,"I‚Äôm tired of endless texting on dating apps that never leads to anything. So I'm cutting to the chase and putting my straight A's in Math to better use. Maybe I'll meet someone cool in the process. Win-win, right?

If this can be useful to you, feel free to message me and tell me a bit about yourself.",0.38,0,0,False,5,True,False,False,self.UCSD,General,1762999542.0,103838,False,False,False,https://www.reddit.com/r/UCSD/comments/1ovoriy/math_aint_mating/,https://www.reddit.com/r/UCSD/comments/1ovoriy/math_aint_mating/
UCSD,top,Connection between Chancellor and Recent AS Report,geoffnsandiego,0,How responsible do you feel Khosla is for deteriorating standards? Does his own moral turpitude figure into this? Search through this Reddit for things he‚Äôs done and been accused of doing if you aren‚Äôt sure about what I‚Äôm referring to.,0.4,0,0,False,2,True,False,False,self.UCSD,Discussion,1762998197.0,103838,False,False,False,https://www.reddit.com/r/UCSD/comments/1ovo9yk/connection_between_chancellor_and_recent_as_report/,https://www.reddit.com/r/UCSD/comments/1ovo9yk/connection_between_chancellor_and_recent_as_report/
UCSD,top,so random,jaundicebaddie,0,ok i met someone on reddit and i lost contact w them but i saw them today and wanted to text them but i deleted everything on reddit so i have no way of texting them but if you see this reach out you know who you are hopefullyüò•üò• ,0.33,0,0,False,0,True,False,False,self.UCSD,General,1763036313.0,103838,False,False,False,https://www.reddit.com/r/UCSD/comments/1ovzkyt/so_random/,https://www.reddit.com/r/UCSD/comments/1ovzkyt/so_random/
UCSD,top,How to get to Barnes and noble from the trolley,Sussybakuh,0,I need a new cute book. I need to start at the trolley near Epstein amphitheater and be back quickly ,0.39,0,0,False,8,True,False,False,self.UCSD,Question,1763005252.0,103838,False,False,False,https://www.reddit.com/r/UCSD/comments/1ovqtgj/how_to_get_to_barnes_and_noble_from_the_trolley/,https://www.reddit.com/r/UCSD/comments/1ovqtgj/how_to_get_to_barnes_and_noble_from_the_trolley/
UCSD,top,We need to send all the Math 2 students to North Korea,Pure_Doctor_2935,0,title,0.43,0,0,False,3,True,False,False,self.UCSD,Discussion,1762996096.0,103838,False,False,False,https://www.reddit.com/r/UCSD/comments/1ovnijs/we_need_to_send_all_the_math_2_students_to_north/,https://www.reddit.com/r/UCSD/comments/1ovnijs/we_need_to_send_all_the_math_2_students_to_north/
UCSD,top,USC off campus house,aasifhsiddiqi,0,"Hello everyone I have 5 bedroom and5 bath available, 
six two six seven eight six- six zero one two ",0.2,0,0,False,3,False,False,False,reddit.com,General,1763040726.0,103838,False,False,False,https://www.reddit.com/r/UCSD/comments/1ow15i5/usc_off_campus_house/,https://www.reddit.com/gallery/1ow15i5
UCSD,hot,[MOD] Do you want to be a moderator of /r/UCSD?,pblackhorse02,15,"Hey everyone. As many people on the current mod team have graduated from UCSD / become less active on the subreddit, a new mod application is long overdue.

If you're interested in becoming a mod, please create an application and fill out the Google Form linked on this page:  
[https://www.reddit.com/r/UCSD/application/](https://www.reddit.com/r/UCSD/application/)

Feel free to ask us any questions in the comments.",0.86,0,15,False,4,True,False,False,self.UCSD,Meta,1758386595.0,103838,False,True,False,https://www.reddit.com/r/UCSD/comments/1nm31rh/mod_do_you_want_to_be_a_moderator_of_rucsd/,https://www.reddit.com/r/UCSD/comments/1nm31rh/mod_do_you_want_to_be_a_moderator_of_rucsd/
UCSD,hot,Welcome new Tritons! Please use this megathread to discuss your acceptance and any questions you may have.,UCSD,58,"**We have no clue if admissions are coming out today, this is just hedging bets. Probably this week or next. **

Everyone with admission and college questions, please post your questions in this megathread! Additionally, please try to check the megathread to see if your question has been already answered.

**Admissions/new student posts made outside of this megathread are subject to removal at moderator discretion. Please take a look at our** [**rules page**](https://www.reddit.com/r/UCSD/about/rules/)**. If you believe we have made an error, please** [**message us via modmail.**](https://www.reddit.com/message/compose/?to=/r/UCSD). The mod team will try and get back to you asap, but we are students or alumni and as a result it make take a little bit.

For more subjective questions, be aware that r/UCSD (and any university subreddit) is not directly representative of the overall student body. In a survey we did of r/UCSD, 2/3 respondents agreed r/UCSD didn't represent UCSD's overall student body. 

# A few useful links:

* [The New Student Guide](https://docs.google.com/document/d/1cVRH3wrEK3RQ5OZ9cLyPYhzUTtlkNlxq5W9QEIr_CwM/edit?fbclid=IwAR3EwJJxHZsGClKT65_eI_C8a2vsp0yPtdOX9zH6K9he6SQ-vTVBgqJqsik)
* [UCSD Incoming Student FAQ - The Document](https://docs.google.com/document/d/1IBOha62mF0onJOq-f5FuGR4MdNZDLZwhR1GnSrnA1es/edit)
* Discord Servers
   * Keep an eye out for Discord servers as they get created! 
* [TritonLink](https://students.ucsd.edu/)
* [UCSD Support](https://support.ucsd.edu/services)
* [UCSD Admissions](https://admissions.ucsd.edu/)
* [r/UCSD Copypasta Archive (need to start the meme indoctrination early)](https://www.reddit.com/r/UCSD/wiki/copypasta)
* [4 Year Plans](http://plans.ucsd.edu)

Please be aware stuff at UCSD can change *fast*. Most info you can find on this subreddit will still hold true, but there have been many major changes over the last 5 years especially. 

# How do I login to check my admissions decision?

You should be logging into the [Admissions Portal](https://beatriton.ucsd.edu/account/login). This is different from all the stuff current students use. If you can't login, email [slatehelp@ucsd.edu](mailto:slatehelp@ucsd.edu).

# How does the college I got matter? Can I change college? 

For freshman admits, your college is basically only going to affect your GE requirements and where you're likely to live on campus (although you can be overflowed to other housing depending on space). For transfers, it's only GE requirements as there is separate transfer housing. As a result, it affects basically nothing for transfers since most have IGETC and will have very few GEs coming in.

Your major is entirely disconnected from your college (there are even separate major advisors who work for your department separate from your college advisors who work for your college). Your classes will be held all over campus and have a mix of students from all colleges. You can eat at any dining hall, the colleges are basically all directly next to each other and easy to get between, you will probably make friends in all sorts of different colleges. The furthest apart two colleges are is about a 20-25 minute walk (from Seventh to Eighth). 

You cannot easily change college. You will need to complete at least part of your original college's writing sequence (meaning it will take about a year to even meet the application requirements) and be able to prove you can graduate two quarters earlier in your new college. College is not the end of the world though, even a college that overlap poorly with a major is more than survivable. 

# I'm waitlisted. What should I do next?

[From UC San Diego Admission Website](https://admissions.ucsd.edu/first-year/application-timeline.html)

&gt; Select applicants will be invited to opt in to our waitlist through their Applicant Portal.

&gt; First-Year applicants must opt in by 11:59 pm PST on April 15.

&gt; Being on the waitlist does not guarantee an offer of admission. We strongly urge students to accept another university's admission offer before the appropriate deadline to ensure they have secured a spot at an institution.

&gt; By June 30, final decisions will be released to applicants who opt in to the waitlist. There is no appeal process for the waitlist.",0.97,0,58,False,416,True,False,False,self.UCSD,Megathread,1741994352.0,103838,False,True,False,https://www.reddit.com/r/UCSD/comments/1jbhbx0/welcome_new_tritons_please_use_this_megathread_to/,https://www.reddit.com/r/UCSD/comments/1jbhbx0/welcome_new_tritons_please_use_this_megathread_to/
UCSD,hot,"If I put $3,000 of clothes in the communal laundry room dryer, not only would I not wait 12 hours to come back for it, I wouldn't even leave the room, but that's me",PhoGaPhoever,8,,1.0,0,8,False,1,False,False,False,i.redd.it,Image,1763060356.0,103838,False,False,True,https://www.reddit.com/r/UCSD/comments/1ow9o18/if_i_put_3000_of_clothes_in_the_communal_laundry/,https://i.redd.it/szy4ty2nm21g1.jpeg
UCSD,hot,"If you received a flyer or anything about ""Dianetics"" or ""L Ron Hubbard,"" please know that it is from Scientologists.",ensemblestars69,6,That is all. Beware of Scientology. Watch videos from Leah Remini or Jenna Miscavige on TikTok.,1.0,0,6,False,0,True,False,False,self.UCSD,General,1763059797.0,103838,False,False,False,https://www.reddit.com/r/UCSD/comments/1ow9fbd/if_you_received_a_flyer_or_anything_about/,https://www.reddit.com/r/UCSD/comments/1ow9fbd/if_you_received_a_flyer_or_anything_about/
UCSD,hot,bild 2?,Interesting-Pin1019,1,who are yall taking for bild 2 because all these reviews I am seeing for these teachers are ass...,1.0,0,1,False,0,True,False,False,self.UCSD,Question,1763062274.0,103838,False,False,False,https://www.reddit.com/r/UCSD/comments/1owaisa/bild_2/,https://www.reddit.com/r/UCSD/comments/1owaisa/bild_2/
UCSD,hot,Language Requirement is messing me up for Winter Quarter,Keltru2124,1,"I‚Äôm in John Muir College, and I have a job lined up in the lab I already work in after Winter Quarter. The only thing I have left to finish my degree is the language requirement for Muir but there isn‚Äôt a course offered this Winter that lets me complete it. 

I‚Äôm wondering:

* Has anyone else had to take a GE or requirement after their last quarter and still been able to start working?
* Can I still start my job (same lab, now paid) even if my degree isn‚Äôt officially conferred until after I complete the requirement?
* Will this delay things like HR paperwork or UCPath hiring?

I‚Äôve reached out to advising, but I‚Äôd love to hear from anyone who‚Äôs been through something similar. Did you run into any issues? How did you handle it?

https://preview.redd.it/jyw7x6pyo21g1.png?width=643&amp;format=png&amp;auto=webp&amp;s=aff38afcac3eab0bdfb0f3f86d71010c3d6c2fe6

",1.0,0,1,False,1,True,False,False,self.UCSD,Question,1763060903.0,103838,False,False,False,https://www.reddit.com/r/UCSD/comments/1ow9x68/language_requirement_is_messing_me_up_for_winter/,https://www.reddit.com/r/UCSD/comments/1ow9x68/language_requirement_is_messing_me_up_for_winter/
UCSD,hot,Sabrina Carpenter Nov 16,SupermarketNo7299,1,dm if you‚Äôre interested in cheap tickets for crypto arena show ,1.0,0,1,False,0,True,False,False,self.UCSD,Event,1763060852.0,103838,False,False,False,https://www.reddit.com/r/UCSD/comments/1ow9wd2/sabrina_carpenter_nov_16/,https://www.reddit.com/r/UCSD/comments/1ow9wd2/sabrina_carpenter_nov_16/
UCSD,hot,MGT and ECON Upper Division,Tricky_Shoe_1650,1,"is taking MGT 16 and 45 , Econ 100A and 120A too much?",1.0,0,1,False,0,True,False,False,self.UCSD,Question,1763059749.0,103838,False,False,False,https://www.reddit.com/r/UCSD/comments/1ow9ek8/mgt_and_econ_upper_division/,https://www.reddit.com/r/UCSD/comments/1ow9ek8/mgt_and_econ_upper_division/
UCSD,hot,Super behind in Econ 1 w/levkoff,False_Olive4754,1,"Thought I could breeze through Econ like I did in high school but the first midterm kicked my ass, what good YouTubers or resources should I watch to catch up on material besides rewatching lectures? Any help would be appreciated üôè",1.0,0,1,False,0,True,False,False,self.UCSD,Question,1763059412.0,103838,False,False,False,https://www.reddit.com/r/UCSD/comments/1ow995x/super_behind_in_econ_1_wlevkoff/,https://www.reddit.com/r/UCSD/comments/1ow995x/super_behind_in_econ_1_wlevkoff/
UCSD,hot,First pass Mcwp 50 or math 10b,Appropriate-Camp2737,1,What title says.,1.0,0,1,False,1,True,False,False,self.UCSD,Question,1763057007.0,103838,False,False,False,https://www.reddit.com/r/UCSD/comments/1ow85h1/first_pass_mcwp_50_or_math_10b/,https://www.reddit.com/r/UCSD/comments/1ow85h1/first_pass_mcwp_50_or_math_10b/
UCSD,hot,MoMs Iced Hot Chocolate,cauilfIower,97,"I got this drink only because I overheard someone else order it; I knew MoMs had a hot chocolate but I didn‚Äôt know you could get it iced. This drink is 16oz, and costs $4.75. You can also add on syrups and other flavorings, though that will cost extra. In my case; I just got it as it is, with whole milk and no add ons. Though you can adjust the milk to your preference!

I would say this drink is pretty tasty and can be a little comparable to Swiss Miss (instant hot cocoa mix); just not as sweet. Also depending on how you make Swiss miss; MoMs iced hot cocoa doesn‚Äôt leave a sticky after taste. And has a deeper flavor of milk chocolate. Definitely worth the try if you don‚Äôt want to drink caffeine and still want something that is sweet and creamy.",0.96,0,97,False,10,False,False,False,i.redd.it,Discussion,1762962829.0,103838,False,False,True,https://www.reddit.com/r/UCSD/comments/1ov8uz6/moms_iced_hot_chocolate/,https://i.redd.it/cyq3tdgmlu0g1.jpeg
UCSD,hot,A shocking amount of UCSD students struggle with basic (elementary school math),wsch,246,"The number of students needing to take remedial math class (math 2) has increased from 0.5% of the population in FA20 to 8.5% in 2025. 



  


",0.96,0,246,False,165,False,False,False,senate.ucsd.edu,Discussion,1762931025.0,103838,False,False,False,https://www.reddit.com/r/UCSD/comments/1ouyg6v/a_shocking_amount_of_ucsd_students_struggle_with/,https://senate.ucsd.edu/media/740347/sawg-report-on-admissions-review-docs.pdf
UCSD,hot,UCSD Residential College Quiz Available!,Agitated-Somewhere15,31,"I built SlugMatch to help incoming students figure out which residential college might be the best fit for them. It's a quick quiz that matches you with your top 5 colleges based on your lifestyle, interests, and preferences.

Would love to hear your thoughts, feedback, or if you think we got anything wrong about your college! Also happy to answer any questions.

Try it- &gt; https://www.slugmatch.com",0.91,0,31,False,4,False,False,False,reddit.com,General,1762968112.0,103838,False,False,False,https://www.reddit.com/r/UCSD/comments/1ovbb35/ucsd_residential_college_quiz_available/,https://www.reddit.com/gallery/1ovbb35
UCSD,hot,Most beautiful Spotted Orb Weaver at UCSD forest,EbanTheRacc,80,She's so fuzzy I hope she's ok. Didn't find her web on the way back maybe we just missed her while ducking!,0.96,0,80,False,10,False,True,False,v.redd.it,General,1762942451.0,103838,False,False,True,https://www.reddit.com/r/UCSD/comments/1ov1fho/most_beautiful_spotted_orb_weaver_at_ucsd_forest/,https://v.redd.it/3qoeddjzws0g1
UCSD,hot,We're getting roasted on social media RN,SivirJungleOnly2,182,"New report got released with the results discussed here: [https://x.com/sfmcguire79/status/1988246741766861034](https://x.com/sfmcguire79/status/1988246741766861034)

How does this make everyone feel?",0.95,0,182,False,222,True,False,False,self.UCSD,Discussion,1762917413.0,103838,False,False,False,https://www.reddit.com/r/UCSD/comments/1ouu8vo/were_getting_roasted_on_social_media_rn/,https://www.reddit.com/r/UCSD/comments/1ouu8vo/were_getting_roasted_on_social_media_rn/
UCSD,hot,Some of you guys are really nasty,Spiritual-Art-4560,115,"Yesterday I was using a public restroom and when I was washing my hands I saw a dude walk straight from the urinals, past the sinks, and out the door. Didn't wash his hands or anything.

For the love of god can we have some standards? ",0.97,0,115,False,20,True,False,False,self.UCSD,Rant/Complaint,1762921294.0,103838,False,False,False,https://www.reddit.com/r/UCSD/comments/1ouvk0v/some_of_you_guys_are_really_nasty/,https://www.reddit.com/r/UCSD/comments/1ouvk0v/some_of_you_guys_are_really_nasty/
UCSD,hot,There‚Äôs no place to study on campus,Dry_Homework_599,48,"Where do you guys go study except in your dorms? I live in a triple and it‚Äôs always either A talking to B or B talking to C or A talking to C like there‚Äôs rarely anytime that the room can be quiet and lock in. I would address like hey guys I‚Äôm gonna lock but 15 min after conversation somehow just appears in the air again. Geisel being closed on Veterans Day makes me realize there is zero good study spot on campus, at least not what I‚Äôve know of. I live in sixth, I heard the humanities building has some good spots but idk where. I only know the fifth floor outdoor study place but how are yall not freezing up there. At least I can‚Äôt study under the bright sun with cold wind blowing on my face. Please give me some recommendations I‚Äôm a fresh fresh freshman I need helpüò¢üò¢ I like enclosed study space where there‚Äôs zero distractions. Like legit lock me in. I really lose those personal study desks on Geisel first floor, where can I find something similar to that?
",0.94,0,48,False,14,True,False,False,self.UCSD,Question,1762937663.0,103838,False,False,False,https://www.reddit.com/r/UCSD/comments/1ov06qr/theres_no_place_to_study_on_campus/,https://www.reddit.com/r/UCSD/comments/1ov06qr/theres_no_place_to_study_on_campus/
UCSD,hot,They really need to bring standardized testing back for admissions,FilthyPapuLou,416,"They came out with a new report about the steep decline in the academic preparedness of freshmen.  One out of eight students now need remediation in math. 

[https://senate.ucsd.edu/media/740347/sawg-report-on-admissions-review-docs.pdf](https://senate.ucsd.edu/media/740347/sawg-report-on-admissions-review-docs.pdf)",0.92,0,416,False,166,False,False,False,i.redd.it,News,1762893330.0,103838,False,False,True,https://www.reddit.com/r/UCSD/comments/1oukpbe/they_really_need_to_bring_standardized_testing/,https://i.redd.it/3c7j5rvauo0g1.jpeg
UCSD,hot,Tips on Pun‚Äôs CHEM 40B?,matchamochiii51,5,How are the tests like? Is discussion attendance mandatory???,1.0,0,5,False,4,True,False,False,self.UCSD,Question,1762973519.0,103838,False,False,False,https://www.reddit.com/r/UCSD/comments/1ovdtxt/tips_on_puns_chem_40b/,https://www.reddit.com/r/UCSD/comments/1ovdtxt/tips_on_puns_chem_40b/
UCSD,hot,10% off of your FROYO!!!,Odd-Swim-434,6,"Stop by **Yogurt World UCSD (11 AM ‚Äì 9 PM)** and mention the **Armenian Pre-Health Society fundraiser for Children of Armenia Fundraiser** at checkout

You‚Äôll receive 10% off your froyo, and 20% of your purchase will be donated directly to the Children of Armenia Fund (COAF), a nonprofit organization supporting education, healthcare, and community development for children in rural villages in Armenia.  

https://preview.redd.it/0q893ufgtu0g1.png?width=500&amp;format=png&amp;auto=webp&amp;s=764812e35b5f0084908d50d4789bad78abcf0851

",0.87,0,6,False,0,True,False,False,self.UCSD,General,1762965470.0,103838,False,False,False,https://www.reddit.com/r/UCSD/comments/1ova2ci/10_off_of_your_froyo/,https://www.reddit.com/r/UCSD/comments/1ova2ci/10_off_of_your_froyo/
UCSD,hot,best profs for mcwp50,Brilliant_Match_9767,3,who is an okay pick that i‚Äôll prolly pass with and who is avoid at all costs üò≠,0.71,0,3,False,7,False,False,False,i.redd.it,Question,1762971671.0,103838,False,False,True,https://www.reddit.com/r/UCSD/comments/1ovcz36/best_profs_for_mcwp50/,https://i.redd.it/gq109uvwbv0g1.jpeg
UCSD,hot,hopecore call for submissions (PLEASE SUBMIT AND HELP US OUT!),Resident_Special8320,3,"Hi everyone! Posting again to remind people to submit work to our magazine! Our theme this year is hopecore and we accept any submissions.

The deadline is THIS SUNDAY. If you want to help us out to reach our minimum required submissions for the class, we‚Äôd seriously appreciate it &lt;3 

please once again submit and give us some hope (pun intended) ü•πü•πü•π

link will also be in the comments if the QR code doesn‚Äôt work.",1.0,0,3,False,1,False,False,False,i.redd.it,General,1762968418.0,103838,False,False,True,https://www.reddit.com/r/UCSD/comments/1ovbg5u/hopecore_call_for_submissions_please_submit_and/,https://i.redd.it/icg136p82v0g1.jpeg
UCSD,hot,Easy Human Bio Upper Divs?,Existing_Stranger615,7,Any classes in the human bio major that are genuinely relatively easy to get an A in this quarter? Struggling with workload from other classes. 4 unit courses only.,1.0,0,7,False,0,True,False,False,self.UCSD,General,1762940918.0,103838,False,False,False,https://www.reddit.com/r/UCSD/comments/1ov10uh/easy_human_bio_upper_divs/,https://www.reddit.com/r/UCSD/comments/1ov10uh/easy_human_bio_upper_divs/
UCSD,hot,Math20D with Hammock Frances OR Bach Quang Tran?,OpenAssumption5713,1,Anyone with expertise know if any curve generously or the better teacher overall?,0.67,0,1,False,7,True,False,False,self.UCSD,Discussion,1762974242.0,103838,False,False,False,https://www.reddit.com/r/UCSD/comments/1ove6mj/math20d_with_hammock_frances_or_bach_quang_tran/,https://www.reddit.com/r/UCSD/comments/1ove6mj/math20d_with_hammock_frances_or_bach_quang_tran/
UCSD,hot,Easiest Physics Marshall GE,Worth-Brief-8856,1,Any advice/suggestions would be welcome! &lt;3,1.0,0,1,False,1,True,False,False,self.UCSD,Question,1762972684.0,103838,False,False,False,https://www.reddit.com/r/UCSD/comments/1ovdg29/easiest_physics_marshall_ge/,https://www.reddit.com/r/UCSD/comments/1ovdg29/easiest_physics_marshall_ge/
UCSD,hot,where can i apply to the taco bell coming price center?,JournalistPrize2414,45,where ,0.94,0,45,False,5,True,False,False,self.UCSD,Question,1762897852.0,103838,False,False,False,https://www.reddit.com/r/UCSD/comments/1oumoxz/where_can_i_apply_to_the_taco_bell_coming_price/,https://www.reddit.com/r/UCSD/comments/1oumoxz/where_can_i_apply_to_the_taco_bell_coming_price/
UCSD,hot,From a long time ago in one of the destroyed campus in ucsd. Halloween aftermath be like:,Protolinux217,50,,0.96,0,50,False,5,False,False,False,i.redd.it,Image,1762896215.0,103838,False,False,True,https://www.reddit.com/r/UCSD/comments/1oulznq/from_a_long_time_ago_in_one_of_the_destroyed/,https://i.redd.it/kj82ulnj3p0g1.jpeg
UCSD,hot,cc transfers,Scared_Imagination30,6,"those who transferred to UCSD, what was ur cc gpa and major you got accepted withüíî",0.88,0,6,False,27,True,False,False,self.UCSD,Question,1762932003.0,103838,False,False,False,https://www.reddit.com/r/UCSD/comments/1ouypjp/cc_transfers/,https://www.reddit.com/r/UCSD/comments/1ouypjp/cc_transfers/
UCSD,hot,Second passing MGT 71,BubblewrapFerret,1,"As someone who has a Rady minor, is it safe if I second pass this class? I have to first pass my writing course and a major course and it seems like the classes are half filled up til now. If I have senior standing would that make a difference?",0.67,0,1,False,1,True,False,False,self.UCSD,Question,1762968149.0,103838,False,False,False,https://www.reddit.com/r/UCSD/comments/1ovbbnp/second_passing_mgt_71/,https://www.reddit.com/r/UCSD/comments/1ovbbnp/second_passing_mgt_71/
UCSD,hot,chem 40b professor (winter quarter),Brief_Elderberry_640,8,"should i take romero or pun? their reviews and ratings are mostly similar. for pun, i'm mostly concerned abt how he writes on chalkboard, does he upload any lecture slides at all? and are the lectures recorded? ",0.9,0,8,False,4,True,False,False,self.UCSD,Question,1762921335.0,103838,False,False,False,https://www.reddit.com/r/UCSD/comments/1ouvki3/chem_40b_professor_winter_quarter/,https://www.reddit.com/r/UCSD/comments/1ouvki3/chem_40b_professor_winter_quarter/
UCSD,new,Transfer Students,Jupiter_Junina,1,"What‚Äôs it like being a transfer student? 
Is the adaptation process difficult?",0.67,0,1,False,2,True,False,False,self.UCSD,Question,1762959293.0,103838,False,False,False,https://www.reddit.com/r/UCSD/comments/1ov7a2k/transfer_students/,https://www.reddit.com/r/UCSD/comments/1ov7a2k/transfer_students/
UCSD,new,"Mormon Temple, La Jolla",Bozdemshitz,0,Local classic,0.5,0,0,False,0,True,False,False,self.UCSD,General,1762940422.0,103838,False,False,False,https://www.reddit.com/r/UCSD/comments/1ov0w9e/mormon_temple_la_jolla/,https://www.reddit.com/r/UCSD/comments/1ov0w9e/mormon_temple_la_jolla/
UCSD,new,Has anyone taken Math 194? If so how is the workload?,Crafty-Criticism7434,1,Title,1.0,0,1,False,0,True,False,False,self.UCSD,Question,1762935362.0,103838,False,False,False,https://www.reddit.com/r/UCSD/comments/1ouzldj/has_anyone_taken_math_194_if_so_how_is_the/,https://www.reddit.com/r/UCSD/comments/1ouzldj/has_anyone_taken_math_194_if_so_how_is_the/
UCSD,new,MCWP 125 Pamela Morgan Redela rec?,Available_Data_460,1,Hi- I'm taking MCWP 125 this quarter and was wondering if anyone knew anything about this professor Pamela Morgan- I checked ratemyprof and there isnt anything on her - mb its just on my end- lemme know !!,1.0,0,1,False,4,True,False,False,self.UCSD,Discussion,1762933113.0,103838,False,False,False,https://www.reddit.com/r/UCSD/comments/1ouyzwr/mcwp_125_pamela_morgan_redela_rec/,https://www.reddit.com/r/UCSD/comments/1ouyzwr/mcwp_125_pamela_morgan_redela_rec/
UCSD,new,rant and questions,GrilledGreenBean007,0,"Hi!

I am a first year at UCSD and things have not been going that well. Classes and profs are fine but I feel like I am missing out on something. The experience here for the past 1.5 months has not been what I thought it was going to be like at all, and has been somewhat traumatic and exhausting. The campus is ugly and depressing and there is no pretty building/traditional collegiate architecture. There are so many foreign students that it does not feel like an American university, it feels sometimes like I am in Asia and I don't like it (I just wish that there was just more culturally American people like myself here). There is no football team which is kind of depressing as even though I don't like football, the games and the vibes would be cool and make for fun memories/experiences (though I know that I choose this school knowing that there is no team here). I also feel like people don't really show up that much to other sports/there is a lack of school pride/cohesion/community/unification here. I am not a big sports person myself however I think in college it is fun to root for your school and participate in things like that if you know what I mean, and I feel like there is a lack of a unifying/unified thing/community here if that makes sense. I don't know, things just seem sort of dead.

I try to look on the bright side though and see how fortunate I am to be studying here and all  of the opportunities that the school provides from the education to the location (beach, Trader Joes, Ralph's, a theater, Barnes and Noble, World Market, CVS, Target) and clubs. This school has everything I need to thrive, though I just still feel like I am not thriving in it.

One thing I do love is how here I can just do my own thing and things aren't too competitive/cut-throat. At least with the people that I have met thus far and the places that I have been people want to more or less help each other succeed, as I know that at other colleges things are much more ""toxic"", cut-throat and competitive compared to here so I like the chill, layed backed attitudes/vibes that people have here.

Overall, I just don't know. Just the whole vibe and general demographic and look of the school was not at all what I thought it was going to be and I it makes me somewhat sad and feeling like I am missing out on a true college experience. There is just **something** missing. This place just seems a little empty/odd. Does anybody else feel that way or is it just me? And please don't say that I am not reaching out enough. I am not an anti-social person and have joined quite a few clubs/things looking for ""my people"", but they seem harder to come across than what I once thought. I am still reaching out to people, looking at new clubs to join to see which ones I want to stick to, and continue to go to classes and work hard on my studies.

I still have no true friends here (though I know that it is still pretty early on in the year) and just have some people that I know a little. Of course, my overall goal here is to get my degree and just have a good/happy, well-rounded and traditional college experience.

  
Does anyone else feel like they are missing out on something by being here? Have you been able to solve it? Is it just me? I am still trying to give UCSD a chance, but I am not sure if I will stick around for all 4 years. We will have to see.

  
Thank you in advance, I look forward to seeing your guys' answers. :)",0.36,0,0,False,18,True,False,False,self.UCSD,Question,1762931026.0,103838,False,False,False,https://www.reddit.com/r/UCSD/comments/1ouyg7c/rant_and_questions/,https://www.reddit.com/r/UCSD/comments/1ouyg7c/rant_and_questions/
UCSD,new,Anyone have retaken USCD extension Ochem?,Rare-Television-2199,2,"Hi! I need help..

I am currently failing on USCD Ochem and planning on retaking the class.

Have anyone experienced retaking USCD Ochem class of same professor? 
All the weekly questions/ midterms,finals are the same?



Please help meüò≠


",0.67,0,2,False,0,True,False,False,self.UCSD,Question,1762926306.0,103838,False,False,False,https://www.reddit.com/r/UCSD/comments/1oux3vf/anyone_have_retaken_uscd_extension_ochem/,https://www.reddit.com/r/UCSD/comments/1oux3vf/anyone_have_retaken_uscd_extension_ochem/
UCSD,new,Thoughts on POLI 124 (Israeli-Palestinian Conflict),ElectronicTrust3200,5,"I was looking into POLI 124 (Israeli-Palestinian Conflict) and was wondering if anyone has any info about it, like the professor‚Äôs teaching style and class structure. For those who‚Äôve taken it:

* How‚Äôs the workload and reading?
* Is it more lecture-based or discussion-based?
* How are the exams and assignments?
* How does the professor handle sensitive or controversial topics?

Also, is anyone taking the class currently, or plans to take it next quarter?",0.78,0,5,False,2,True,False,False,self.UCSD,General,1762924038.0,103838,False,False,False,https://www.reddit.com/r/UCSD/comments/1ouwfdc/thoughts_on_poli_124_israelipalestinian_conflict/,https://www.reddit.com/r/UCSD/comments/1ouwfdc/thoughts_on_poli_124_israelipalestinian_conflict/
UCSD,new,chem 40a w/ bertrand midterm 2,Serious-Tie-1423,2,will he release the answers for the practice midterm 2?,1.0,0,2,False,1,True,False,False,self.UCSD,Question,1762923302.0,103838,False,False,False,https://www.reddit.com/r/UCSD/comments/1ouw6t0/chem_40a_w_bertrand_midterm_2/,https://www.reddit.com/r/UCSD/comments/1ouw6t0/chem_40a_w_bertrand_midterm_2/
